TotalScore,Average, ZeroScoreCount, thirdScoreCount, CoopScoreCount, MaxScoreCount
3515.64999999957,,444,8917,194,445
3451.76999999958,,425,9129,20,426
3447.01999999958,,412,9156,19,413
6581.67999999911,,49,8,9894,49
6597.37999999911,,2,6,9990,2
